"email","full_name","user_name","password"
"rgravener0@umn.edu","Rodolfo Gravener","rgravener0","yRsLzVvoL9R"
"tpiens1@123-reg.co.uk","Tracy Piens","tpiens1","JJ9Tv18n7"
"lshane2@google.pl","Linea Shane","lshane2","f28Ws8f6ry"
"bmotte3@rakuten.co.jp","Baxie Motte","bmotte3","5GcaN0JVj"
"ocanaan4@feedburner.com","Oren Canaan","ocanaan4","9cEH0Z"
"smcquilkin5@earthlink.net","Siouxie McQuilkin","smcquilkin5","0mI5xpwx5IZx"
"kguerri6@go.com","Karl Guerri","kguerri6","QcUnANkHzH"
"amulcock7@twitpic.com","Alasteir Mulcock","amulcock7","w9J4xEkZ"
"xtollett8@cdc.gov","Xaviera Tollett","xtollett8","TP88UovrW"
"sgerrelt9@cmu.edu","Sianna Gerrelt","sgerrelt9","Wx1QaYuvsrT"
"pwalkera@nature.com","Perry Walker","pwalkera","Yd3aRhKgBsKL"
"cweatherdonb@auda.org.au","Calli Weatherdon","cweatherdonb","jWHBs7"
"pangelic@histats.com","Prissie Angeli","pangelic","onbA4ye64rJ"
"pdowsed@themeforest.net","Prent Dowse","pdowsed","FB7MNbj10"
"jklampke@japanpost.jp","Jere Klampk","jklampke","Kxy0OeUOhUwh"
"sbrettonerf@cisco.com","Sayres Brettoner","sbrettonerf","JaV48pNkQg"
"ckingabyg@shinystat.com","Chandler Kingaby","ckingabyg","OwnJrJhPo"
"bverzeyh@mayoclinic.com","Brig Verzey","bverzeyh","zI2770UDJmI"
"tharmoni@slideshare.net","Thurstan Harmon","tharmoni","qbsJASglCg"
"ahucklebyj@blog.com","Aida Huckleby","ahucklebyj","lbKPXEIKpH"
"jtredinnickk@vinaora.com","Jori Tredinnick","jtredinnickk","45Z1W5n"
"mnathonl@163.com","Martin Nathon","mnathonl","YQIVnTDo"
"hdoleym@booking.com","Hamel Doley","hdoleym","xetvY8GVWXK3"
"vtilern@simplemachines.org","Vinny Tiler","vtilern","YBEJsz"
"mprewero@cbc.ca","Morissa Prewer","mprewero","xVSVItAbXXl"
"gsentenp@tinypic.com","Georgine Senten","gsentenp","ReXIg8eCf"
"ccadeq@google.ru","Cornie Cade","ccadeq","Nvi2eS"
"aespier@tripadvisor.com","Adelbert Espie","aespier","0QMX20HJCR8k"
"scottes@goodreads.com","Son Cotte","scottes","KI6FU5IrSYK"
"mbrosit@taobao.com","Moria Brosi","mbrosit","CCUwtGm"
"openningsu@pcworld.com","Olag Pennings","openningsu","rSSjtvRi7"
"klovellv@123-reg.co.uk","Kalle Lovell","klovellv","xMymLlY"
"dsatfordw@geocities.jp","Davie Satford","dsatfordw","eZpjhh1q"
"mmcdermotx@uiuc.edu","Melva McDermot","mmcdermotx","h3cZKIxHbKS"
"adanieluty@state.gov","Alphonso Danielut","adanieluty","YmQS4u"
"vgobolosz@nyu.edu","Velma Gobolos","vgobolosz","xLXqcdS4c6J"
"bscutts10@cbslocal.com","Bald Scutts","bscutts10","wtYaWv4t"
"mbeldum11@hexun.com","Morena Beldum","mbeldum11","SVCkB33uCzaV"
"klyddyard12@opensource.org","Katti Lyddyard","klyddyard12","fxuAmKE"
"ldaveran13@nps.gov","Lion Daveran","ldaveran13","fdRuW5uIkI"
"jtrownson14@dedecms.com","Jo Trownson","jtrownson14","DYgemPhJNDK"
"kcareswell15@nature.com","Klement Careswell","kcareswell15","mf9kekvMmqq"
"fharrison16@independent.co.uk","Frederick Harrison","fharrison16","xqrH8lHCJ"
"jewbanke17@biglobe.ne.jp","Jase Ewbanke","jewbanke17","c7wk28r38naX"
"gnurcombe18@apple.com","Gabbie Nurcombe","gnurcombe18","kmFaVnZHHCEW"
"ggrieves19@webeden.co.uk","Garry Grieves","ggrieves19","Zh4ghF"
"mmulcahy1a@1688.com","Melissa Mulcahy","mmulcahy1a","NqhEFDS"
"mdowngate1b@irs.gov","Malanie Downgate","mdowngate1b","aaxGhbfqK"
"nhugill1c@msu.edu","Nickola Hugill","nhugill1c","zBQAA8y4Ix1i"
"klayman1d@sun.com","Kristo Layman","klayman1d","xh1ieCqgH"
"kkimblen1e@godaddy.com","Kore Kimblen","kkimblen1e","HaKicQPDmQ"
"cgohier1f@goo.ne.jp","Carola Gohier","cgohier1f","RQNMYQ"
"jstrotton1g@lycos.com","Joni Strotton","jstrotton1g","RIBhWDmcjHn"
"sschumacher1h@xing.com","Sari Schumacher","sschumacher1h","g4F0HWO7Zb"
"mjopke1i@dot.gov","Maurise Jopke","mjopke1i","nmkADYG4"
"smacpadene1j@cnbc.com","Scot MacPadene","smacpadene1j","VNkYq0fw"
"amarsden1k@phoca.cz","Ange Marsden","amarsden1k","4GCSoi8"
"eharmer1l@paypal.com","Erica Harmer","eharmer1l","f5TQhbo"
"vspinage1m@timesonline.co.uk","Vachel Spinage","vspinage1m","QtMtObZfU6IC"
"rivanuschka1n@oracle.com","Rodolfo Ivanuschka","rivanuschka1n","3dKAoSyO3Dsk"
"dolyet1o@mit.edu","Danny Olyet","dolyet1o","I1eACs"
"jbroun1p@ocn.ne.jp","Jarad Broun","jbroun1p","TvabMxV"
"tmcilharga1q@infoseek.co.jp","Thedric McIlharga","tmcilharga1q","EitTPHD3p"
"hwickwar1r@mozilla.org","Hildegarde Wickwar","hwickwar1r","hMA0s8geBuGu"
"tquinell1s@unicef.org","Tabatha Quinell","tquinell1s","VU5LXh"
"mcheyney1t@ezinearticles.com","Merilyn Cheyney","mcheyney1t","RWsdOz"
"rcayzer1u@unesco.org","Rance Cayzer","rcayzer1u","DpBHbJXSp"
"adanskine1v@qq.com","Amalle Danskine","adanskine1v","HWjk6ZNY6ceG"
"eigoe1w@youtube.com","Eli Igoe","eigoe1w","nUFOi2LXC5c"
"zrubinfeld1x@netvibes.com","Zerk Rubinfeld","zrubinfeld1x","gOe1nQEU3"
"dmaccomiskey1y@t-online.de","Daniela MacComiskey","dmaccomiskey1y","l8apWiTbdfHh"
"nwauchope1z@ft.com","Ninon Wauchope","nwauchope1z","vU7hWrL"
"tburress20@example.com","Toinette Burress","tburress20","Jlemeh8zaVl"
"dzanni21@shutterfly.com","Davita Zanni","dzanni21","5enP7rRK7n"
"gbolino22@desdev.cn","Geri Bolino","gbolino22","cqQRshehdIgE"
"fmayworth23@quantcast.com","Francklyn Mayworth","fmayworth23","Ygei6IpTW27S"
"ksimonutti24@g.co","Kip Simonutti","ksimonutti24","Wj9Vc1"
"asterricker25@mozilla.com","Ardelia Sterricker","asterricker25","Cc3aOS6FE"
"rsherland26@indiegogo.com","Randolf Sherland","rsherland26","YlasR9UY"
"bkirby27@sciencedirect.com","Beltran Kirby","bkirby27","D1Hrp7Pm"
"kboothroyd28@nbcnews.com","Kalil Boothroyd","kboothroyd28","ojLyyGtK"
"atappor29@mail.ru","Aldo Tappor","atappor29","kTwiO5Ru33"
"tsamweyes2a@nifty.com","Taddeusz Samweyes","tsamweyes2a","skl7OMDX"
"srhead2b@google.com","Stanly Rhead","srhead2b","aWX4D1U"
"eaddyman2c@forbes.com","Evvy Addyman","eaddyman2c","09Efp6KomiNY"
"cwegenen2d@nyu.edu","Conny Wegenen","cwegenen2d","WMng3AHXVJh"
"ytee2e@list-manage.com","Yettie Tee","ytee2e","vGFrecKHvx"
"ljoscelyne2f@unc.edu","Lorinda Joscelyne","ljoscelyne2f","WWfzhaNDU"
"jbinford2g@oracle.com","Joane Binford","jbinford2g","Hcnu5wqX31D"
"agaynes2h@eepurl.com","Arabelle Gaynes","agaynes2h","cbBqwtpka"
"bmayoral2i@stumbleupon.com","Barbabra Mayoral","bmayoral2i","YQAQjOBJN"
"bgrammer2j@loc.gov","Bryn Grammer","bgrammer2j","T6Q0uP"
"ecoakley2k@trellian.com","Elane Coakley","ecoakley2k","CM9oEIGmwc4"
"hfeeney2l@plala.or.jp","Hubey Feeney","hfeeney2l","BdTQWr3"
"abohling2m@psu.edu","Avery Bohling","abohling2m","vwg9y2MMbjr"
"colliffe2n@gmpg.org","Claudie Olliffe","colliffe2n","DM5IHzYtsV"
"tcamidge2o@4shared.com","Tatiana Camidge","tcamidge2o","UVz0CuLA"
"sgreest2p@phoca.cz","Shane Greest","sgreest2p","Y5sv1FTx1"
"cdutteridge2q@paypal.com","Constance Dutteridge","cdutteridge2q","G6CtO35To"
"gsheber2r@acquirethisname.com","Gert Sheber","gsheber2r","S62VGWrDwJ7"
"naburrow2s@cbc.ca","Nixie Aburrow","naburrow2s","nWeOimwBE5T"
"cmannagh2t@dmoz.org","Claudell Mannagh","cmannagh2t","bx6uSrIFB"
"shemms2u@microsoft.com","Stacee Hemms","shemms2u","r24S1Ftg"
"gbeddard2v@facebook.com","Gilberte Beddard","gbeddard2v","yAijVtWE"
"edoole2w@virginia.edu","Emilie Doole","edoole2w","QJLOs4XodTw"
"jpykett2x@wikispaces.com","Janella Pykett","jpykett2x","OwIjNrN6H"
"sbronot2y@mac.com","Silvie Bronot","sbronot2y","SeobSJ"
"agiacomo2z@chronoengine.com","Ardyce Giacomo","agiacomo2z","RqcGlLF"
"kgleadhell30@ehow.com","Kirbee Gleadhell","kgleadhell30","PDu4xm"
"ceaseman31@dailymotion.com","Carlene Easeman","ceaseman31","wkKKheCLFE"
"cscott32@list-manage.com","Cob Scott","cscott32","u8TbJp"
"gmathys33@tripod.com","Godfree Mathys","gmathys33","VDRHc9GybYPf"
"jfrankowski34@theglobeandmail.com","Jeniffer Frankowski","jfrankowski34","78Jz0ARei"
"aoldknow35@hatena.ne.jp","Abdel Oldknow","aoldknow35","towCbmkfcb"
"geggins36@com.com","Gibbie Eggins","geggins36","UEwXuqwCGY"
"scrapper37@home.pl","Sapphira Crapper","scrapper37","trzIhv"
"cturnpenny38@drupal.org","Cordula Turnpenny","cturnpenny38","w3Rpjkza"
"dgossage39@webmd.com","Danni Gossage","dgossage39","GBCGuPRwMx"
"dmauvin3a@buzzfeed.com","Darryl Mauvin","dmauvin3a","3aboEKgJH"
"cmacrae3b@epa.gov","Carin Macrae","cmacrae3b","Yt8tDNxA"
"ptapenden3c@reuters.com","Patrizio Tapenden","ptapenden3c","BisjJYa1lDSI"
"cvallack3d@businessweek.com","Charlie Vallack","cvallack3d","jONaKnGPBUAq"
"estocks3e@ovh.net","Elaina Stocks","estocks3e","NPUwjXon8"
"ilillo3f@liveinternet.ru","Illa Lillo","ilillo3f","mYVFznZe"
"soshea3g@hubpages.com","Stephi O' Shea","soshea3g","VXTaPY66L6K"
"cschimpke3h@businesswire.com","Clemens Schimpke","cschimpke3h","OjjGIldpLh4"
"aclair3i@yandex.ru","Allard Clair","aclair3i","Onofn601zDHv"
"hmccrie3j@github.com","Hanna McCrie","hmccrie3j","csy1kcC"
"lniess3k@cbslocal.com","Lucila Niess","lniess3k","3hIMCgD"
"mpionter3l@foxnews.com","Meara Pionter","mpionter3l","iAaNBmTkJJ"
"csavile3m@dailymail.co.uk","Cornelius Savile","csavile3m","n1LRTiK8"
"rcaville3n@last.fm","Ruthy Caville","rcaville3n","tOf7b62"
"tambroisin3o@stumbleupon.com","Trever Ambroisin","tambroisin3o","eb8MH6qsf1S"
"fcowland3p@guardian.co.uk","Francisca Cowland","fcowland3p","dWbYs3B"
"fwybrow3q@reuters.com","Friederike Wybrow","fwybrow3q","YeQqWQiAUI7Q"
"ameriguet3r@nsw.gov.au","Abie Meriguet","ameriguet3r","EHeYHHgII"
"ethomann3s@odnoklassniki.ru","Eustacia Thomann","ethomann3s","obTIAHDPvP"
"bneeds3t@dyndns.org","Bancroft Needs","bneeds3t","OTjMwxjgMFtM"
"cmeagh3u@webmd.com","Cirillo Meagh","cmeagh3u","J2M1V3"
"bthorrington3v@miitbeian.gov.cn","Berti Thorrington","bthorrington3v","GOpIKN"
"mchopin3w@gnu.org","Mirilla Chopin","mchopin3w","yqMKWfkO2VQ"
"nphillimore3x@webeden.co.uk","Norma Phillimore","nphillimore3x","sdQi2V8m"
"whazlewood3y@discuz.net","Windham Hazlewood","whazlewood3y","6S2QsLzver"
"ewilson3z@chicagotribune.com","Esme Wilson","ewilson3z","fkwhI3A4"
"whehir40@latimes.com","Wilbert Hehir","whehir40","Wd5lrxhe"
"mdelete41@weebly.com","Mariel Delete","mdelete41","NGx4B6KNbk"
"mofihillie42@about.me","Meggie O'Fihillie","mofihillie42","GoGoFDs"
"alombardo43@whitehouse.gov","Augy Lombardo","alombardo43","Lgd4nXLkT"
"dduhig44@apple.com","Dag Duhig","dduhig44","RyOLTAHsc"
"ldust45@cam.ac.uk","Liliane Dust","ldust45","HdI4bULFUTcO"
"twillars46@godaddy.com","Taddeusz Willars","twillars46","RyWYeMC"
"weales47@furl.net","Weylin Eales","weales47","tjFynNKn"
"ufenimore48@mayoclinic.com","Ulises Fenimore","ufenimore48","x0Eozb2nsQ4z"
"bordelt49@engadget.com","Blanche Ordelt","bordelt49","1H9ld7RMpzQ"
"ibarbrook4a@un.org","Ivor Barbrook","ibarbrook4a","N70Whi2"
"kmariel4b@ftc.gov","Kile Mariel","kmariel4b","kXBbkr"
"rcordes4c@godaddy.com","Rosalie Cordes","rcordes4c","bNRmdQndlu"
"awaymont4d@google.fr","Alie Waymont","awaymont4d","2vxSymr7fJ"
"cwadham4e@un.org","Corrie Wadham","cwadham4e","hfQOJIgOi"
"dsprowle4f@prweb.com","Darb Sprowle","dsprowle4f","C8sxrQWRVH"
"bbarnwall4g@godaddy.com","Brynne Barnwall","bbarnwall4g","Tkr3xw"
"zmote4h@tinyurl.com","Zolly Mote","zmote4h","lJeAlKSW"
"awarrender4i@twitter.com","Atalanta Warrender","awarrender4i","tv0nnXQpH"
"kcuckson4j@sitemeter.com","Kyle Cuckson","kcuckson4j","MebQuq9"
"gmitchinson4k@nyu.edu","Gussy Mitchinson","gmitchinson4k","gLE1Kd2H6"
"efitzsymonds4l@usatoday.com","Enrika Fitzsymonds","efitzsymonds4l","mJnnnvq"
"gcamlin4m@cbsnews.com","Gwyneth Camlin","gcamlin4m","fhMiBC0gFxl"
"ghallas4n@prweb.com","Gerek Hallas","ghallas4n","4A1h5r"
"dfaircloth4o@mayoclinic.com","Dionis Faircloth","dfaircloth4o","wKSGuS8E0"
"afumagall4p@sakura.ne.jp","Alberik Fumagall","afumagall4p","zeRmqZ8"
"ringram4q@discuz.net","Rosabelle Ingram","ringram4q","KSK92eGDxB"
"ycrennell4r@networksolutions.com","Yardley Crennell","ycrennell4r","3Lqbv4"
"lbarenskie4s@hostgator.com","Lexie Barenskie","lbarenskie4s","ULCegex"
"lrajchert4t@baidu.com","Licha Rajchert","lrajchert4t","EbA592p"
"hbelhome4u@prweb.com","Hetty Belhome","hbelhome4u","TJGDVYvUH3"
"mcoultous4v@illinois.edu","Maddy Coultous","mcoultous4v","jZztVwvp3pJ"
"evampouille4w@aboutads.info","Emilio Vampouille","evampouille4w","OcG2H0rV"
"mhambrick4x@livejournal.com","Merlina Hambrick","mhambrick4x","JM9PL1zh"
"lrosser4y@cbslocal.com","Lucio Rosser","lrosser4y","3WDjhx"
"kbettaney4z@vkontakte.ru","Konstanze Bettaney","kbettaney4z","Tng5DdwRETF"
"kfolbig50@xinhuanet.com","Kacey Folbig","kfolbig50","3UyIUmaHrT"
"esandom51@a8.net","Esme Sandom","esandom51","9vYgJaN5F"
"mwarrington52@woothemes.com","Mandy Warrington","mwarrington52","smM0ZPUuZ"
"aklaessen53@xing.com","Annemarie Klaessen","aklaessen53","FmZvqlGfHS5"
"mrowthorne54@huffingtonpost.com","Monah Rowthorne","mrowthorne54","U7cu4khOMO9"
"smanoelli55@blogtalkradio.com","Silvanus Manoelli","smanoelli55","t3bkbEKkZk"
"kgilford56@google.com.br","Kimmy Gilford","kgilford56","HlxAQVF"
"jglendenning57@reddit.com","Jozef Glendenning","jglendenning57","Y3f2dZRX"
"kparminter58@wikispaces.com","Kaleb Parminter","kparminter58","VsycBZ"
"kelsay59@skype.com","Krysta Elsay","kelsay59","zmch3jq0HlEv"
"tlermit5a@bing.com","Tessie Lermit","tlermit5a","RzJhFULNB5FA"
"wlaws5b@wordpress.org","Wood Laws","wlaws5b","o6Snx0M"
"sbunnell5c@squarespace.com","Saunders Bunnell","sbunnell5c","4GoCjnJ"
"ecapelin5d@mashable.com","Eva Capelin","ecapelin5d","iYMiRatB"
"rbedford5e@addtoany.com","Rebeca Bedford","rbedford5e","huk5EeEPs"
"amottershead5f@ca.gov","Annnora Mottershead","amottershead5f","ec83KkZv"
"kjozefowicz5g@theglobeandmail.com","Kirby Jozefowicz","kjozefowicz5g","LTpyd9rl5cqQ"
"mgentery5h@harvard.edu","Marshal Gentery","mgentery5h","aTaNJk"
"nrusson5i@hhs.gov","Neall Russon","nrusson5i","tx47BOHJb6"
"umcclounan5j@newsvine.com","Una McClounan","umcclounan5j","etk94V5WOA2"
"fkeymar5k@w3.org","Frankie Keymar","fkeymar5k","aqubU6p"
"msalvadore5l@t-online.de","Maryanne Salvadore","msalvadore5l","axI7iZEktyxA"
"tobey5m@ted.com","Tildie Obey","tobey5m","k8aATBWM38jV"
"mpolino5n@liveinternet.ru","Malvina Polino","mpolino5n","bSMR9f4XoS3O"
"vitzhaiek5o@webs.com","Viviyan Itzhaiek","vitzhaiek5o","XUwHBt"
"ftomkins5p@icio.us","Field Tomkins","ftomkins5p","ShT7Uu6JP8"
"dblondin5q@skyrock.com","Dall Blondin","dblondin5q","5ITAscJRV5"
"blusk5r@moonfruit.com","Berkly Lusk","blusk5r","TBUvdoz"
"vplett5s@samsung.com","Valenka Plett","vplett5s","LU2Iv3VCLPEE"
"pfain5t@army.mil","Phoebe Fain","pfain5t","FrYR5xj"
"lsundin5u@github.com","Lani Sundin","lsundin5u","POw4bgwt"
"rgilffilland5v@mac.com","Ronnie Gilffilland","rgilffilland5v","aYaEHU8pN"
"anoweak5w@gmpg.org","Arri Noweak","anoweak5w","aXLoEh5"
"rredholls5x@alexa.com","Reynold Redholls","rredholls5x","60M09LWkPY"
"rtripean5y@newsvine.com","Ronny Tripean","rtripean5y","veNUkIfcE"
"nheffer5z@hatena.ne.jp","Nealon Heffer","nheffer5z","8zQZ4eDS"
"bfairholme60@cnbc.com","Bili Fairholme","bfairholme60","A7Mudrnc"
"amalek61@canalblog.com","Addy Malek","amalek61","R7RXcwwRNHoi"
"smccluskey62@php.net","Sauncho McCluskey","smccluskey62","rcC2ydB7vlAS"
"cbrave63@dell.com","Carrol Brave","cbrave63","45vdMXD5N5Wt"
"laveray64@twitpic.com","Lenci Averay","laveray64","rxjgdfEi"
"bshellsheere65@tiny.cc","Bertina Shellsheere","bshellsheere65","wgE5BX7"
"loakenford66@usa.gov","Lanna Oakenford","loakenford66","0P1Bv6"
"nprahl67@dell.com","Nanny Prahl","nprahl67","8mPUjTSMVuCZ"
"jpepye68@comsenz.com","Joyous Pepye","jpepye68","7k6KjA"
"adebrett69@sphinn.com","Avictor De Brett","adebrett69","fEBzaNpVO6B"
"wberthe6a@wufoo.com","Winifield Berthe","wberthe6a","CkrnZNJDV77"
"sattoc6b@ebay.com","Sydelle Attoc","sattoc6b","5JbUCh"
"lkrzysztof6c@webeden.co.uk","Lina Krzysztof","lkrzysztof6c","IZZnmsA"
"rchauvey6d@dropbox.com","Rickert Chauvey","rchauvey6d","7JIzoJ"
"gkomorowski6e@taobao.com","Guillema Komorowski","gkomorowski6e","g77fDQ9"
"cackland6f@godaddy.com","Concettina Ackland","cackland6f","v5t5UnSryQa"
"mtomaszkiewicz6g@yellowbook.com","Mariam Tomaszkiewicz","mtomaszkiewicz6g","lwJzVrGjL"
"mcovet6h@army.mil","Minnnie Covet","mcovet6h","k5wNUL"
"dosgerby6i@sitemeter.com","Dolli Osgerby","dosgerby6i","XfLTuoSWO7N"
"bnorcop6j@jiathis.com","Bartholomew Norcop","bnorcop6j","F2E2Fq"
"amoorman6k@elegantthemes.com","Aurelie Moorman","amoorman6k","ybNNIv"
"dwotherspoon6l@fastcompany.com","Diahann Wotherspoon","dwotherspoon6l","li7J6MV"
"iheintze6m@chron.com","Isabelle Heintze","iheintze6m","WeBUQIhI"
"jfarrall6n@tinypic.com","Johnathon Farrall","jfarrall6n","wDfOZ7"
"mabbys6o@symantec.com","Mallory Abbys","mabbys6o","Fuhzcg4KY"
"bmacvey6p@webmd.com","Brooke Macvey","bmacvey6p","I9MkUHYfFuu"
"kdomenicone6q@indiatimes.com","Kingsley Domenicone","kdomenicone6q","jhB3Jgh"
"msurgener6r@live.com","Mame Surgener","msurgener6r","6uRcMhgN9Vg"
"lrosenwasser6s@telegraph.co.uk","Lloyd Rosenwasser","lrosenwasser6s","lIrmYI"
"lsimonard6t@answers.com","Lynea Simonard","lsimonard6t","ucxbSbnQYM4"
"rgammett6u@soup.io","Renie Gammett","rgammett6u","vRZ4ty"
"ieggerton6v@tmall.com","Iolanthe Eggerton","ieggerton6v","wQN0P9iEhl"
"gbilton6w@mapquest.com","Giulia Bilton","gbilton6w","mZkKfljpe9E"
"gdodamead6x@dell.com","Giacinta Dodamead","gdodamead6x","IdPtGQxurcP"
"jsaveall6y@dyndns.org","Janel Saveall","jsaveall6y","zLA8WoUF"
"remmet6z@jimdo.com","Rutledge Emmet","remmet6z","61zFYA9wr"
"ptrees70@usnews.com","Pebrook Trees","ptrees70","pNdXSmaCJJi6"
"rvictor71@infoseek.co.jp","Richmound Victor","rvictor71","O9qvqBnDMkU4"
"fgreyes72@indiatimes.com","Floria Greyes","fgreyes72","Cgffh6"
"mstocks73@toplist.cz","Mitzi Stocks","mstocks73","zA1NffyZnx"
"lcornew74@bing.com","Lucita Cornew","lcornew74","D0Vs9CTTp7X4"
"dvergine75@mit.edu","Des Vergine","dvergine75","BLImHN"
"bbannell76@seattletimes.com","Boigie Bannell","bbannell76","BbiZgOooqRS"
"ipavinese77@google.ru","Iain Pavinese","ipavinese77","dmJzWOE"
"clahrs78@shareasale.com","Carroll Lahrs","clahrs78","ihNPTfh"
"epaulo79@seesaa.net","Eadith Paulo","epaulo79","Mv5lgoo9id"
"bpurse7a@go.com","Bailey Purse","bpurse7a","uDjtDXdQvQ0S"
"ekohlerman7b@cnn.com","Edgard Kohlerman","ekohlerman7b","zCX3PWU7D"
"wmoggan7c@eventbrite.com","Winona Moggan","wmoggan7c","yEQfABe"
"ncoates7d@pbs.org","Nicky Coates","ncoates7d","JqKO5h3pmT"
"tgaukroger7e@freewebs.com","Tremain Gaukroger","tgaukroger7e","xXNASmoF"
"bvest7f@spiegel.de","Barri Vest","bvest7f","GORkQErSBJ"
"preavell7g@ebay.com","Paco Reavell","preavell7g","NZgxwNNDu"
"bmeugens7h@go.com","Bride Meugens","bmeugens7h","3ZaF8bqfZ"
"ebendare7i@gmpg.org","Edee Bendare","ebendare7i","tdPQCFWXqW8"
"wbleue7j@typepad.com","Winnifred Bleue","wbleue7j","QMet4CoLg79B"
"mbissex7k@stumbleupon.com","Miof mela Bissex","mbissex7k","M8c2PBxpib"
"nwatkins7l@youtu.be","Nessa Watkins","nwatkins7l","vec4f9GY5P"
"amignot7m@reference.com","Alaster Mignot","amignot7m","CZGlJOYB6Af6"
"akearford7n@artisteer.com","Arlee Kearford","akearford7n","dEu2ZdZ"
"dwibrow7o@nymag.com","Daffie Wibrow","dwibrow7o","gRRohH"
"jolivari7p@tiny.cc","Jobie Olivari","jolivari7p","WE5jxQarihm"
"lnormavill7q@taobao.com","Lorrayne Normavill","lnormavill7q","liKtfKG8BV8y"
"zfranzewitch7r@zdnet.com","Zorine Franzewitch","zfranzewitch7r","tdW1OsWhJB0"
"cstandbridge7s@1688.com","Carr Standbridge","cstandbridge7s","iWQgXc2dE"
"anoot7t@webmd.com","Aubrie Noot","anoot7t","8revPkwr"
"dalwin7u@seesaa.net","Damita Alwin","dalwin7u","eXG1ugmkj"
"dhouseago7v@homestead.com","Delmar Houseago","dhouseago7v","itb6OLk"
"dfilyaev7w@nbcnews.com","Donia Filyaev","dfilyaev7w","6FgmHd3aRk4D"
"asparway7x@slashdot.org","Ammamaria Sparway","asparway7x","FrZf3Wuq"
"ibaldin7y@illinois.edu","Iorgo Baldin","ibaldin7y","eTIULxr9Wftf"
"cdunbobin7z@mediafire.com","Creighton Dunbobin","cdunbobin7z","jHtbsiV"
"cmulqueen80@quantcast.com","Cori Mulqueen","cmulqueen80","evvyCuv"
"arobertacci81@ovh.net","Alex Robertacci","arobertacci81","3z8U59R"
"meayres82@bloglovin.com","Marya Eayres","meayres82","bCl40gG8as"
"asaywood83@mtv.com","Abigail Saywood","asaywood83","4vvinNaDh6km"
"emoorhead84@google.co.uk","Emile Moorhead","emoorhead84","l51R9m"
"rciccoloi85@addthis.com","Reed Ciccoloi","rciccoloi85","61oz22V"
"dcain86@woothemes.com","Dagny Cain","dcain86","sMatJgzl"
"kreilly87@163.com","Kassandra Reilly","kreilly87","F2uIoGEHgw"
"aturvie88@a8.net","Ainsley Turvie","aturvie88","LQO0UFbaa"
"tetheredge89@pbs.org","Tully Etheredge","tetheredge89","sf5KJV79Qar"
"tlossman8a@drupal.org","Ted Lossman","tlossman8a","E0enw0ktH"
"rrallinshaw8b@deviantart.com","Roderic Rallinshaw","rrallinshaw8b","GFK6RrRtiF"
"deverson8c@sina.com.cn","Dorolice Everson","deverson8c","HaNxdSWx6yii"
"kmallison8d@people.com.cn","Kerstin Mallison","kmallison8d","DbjuH7"
"wfillis8e@nytimes.com","Witty Fillis","wfillis8e","MHfrxSfJf1"
"mharron8f@oaic.gov.au","Marybeth Harron","mharron8f","9eYi5lmM1LGg"
"sfaldoe8g@ovh.net","Sigismund Faldoe","sfaldoe8g","UULjeP3Vl7"
"dtegler8h@4shared.com","Desiree Tegler","dtegler8h","fhEM9De"
"gstapele8i@loc.gov","Guillermo Stapele","gstapele8i","PF0eKgX2"
"ejaskiewicz8j@t.co","Ervin Jaskiewicz","ejaskiewicz8j","rOQVxsOXxUg"
"hsilverstone8k@github.io","Holli Silverstone","hsilverstone8k","aoA1gdsiJs0c"
"dlacey8l@wikispaces.com","Dominique Lacey","dlacey8l","vW4joDNn1k6A"
"wallman8m@mlb.com","Willis Allman","wallman8m","2Gjo9mNY"
"nstandon8n@ucoz.com","Nessie Standon","nstandon8n","MvcSFl"
"zrolinson8o@cornell.edu","Zacharias Rolinson","zrolinson8o","E4pa9duaFeB"
"dbeteriss8p@bluehost.com","Desmond Beteriss","dbeteriss8p","ckhcxUr"
"rshrive8q@360.cn","Ricard Shrive","rshrive8q","FQAN5iH"
"bpurry8r@hibu.com","Bird Purry","bpurry8r","KHn7kJ6ps"
"rharrie8s@forbes.com","Regine Harrie","rharrie8s","kUbHqYgC"
"ntilbury8t@soup.io","Nilson Tilbury","ntilbury8t","pzKXOmv7wc2u"
"nworsnop8u@studiopress.com","Nicolas Worsnop","nworsnop8u","o6GdLUC"
"gdannehl8v@washington.edu","Gran Dannehl","gdannehl8v","32TJAroyk"
"cgrob8w@businessinsider.com","Cesya Grob","cgrob8w","2JA5aGe26l"
"dbottrell8x@ask.com","Dacia Bottrell","dbottrell8x","ZYtM7MFplw"
"nlovick8y@miitbeian.gov.cn","Ned Lovick","nlovick8y","y9zUSJ6HhR"
"dmcnicol8z@issuu.com","Donella McNicol","dmcnicol8z","DhHYP8MJp9"
"lmatthiesen90@1688.com","Luke Matthiesen","lmatthiesen90","JGR8dU3Lgsm"
"egrowy91@slashdot.org","Ellsworth Growy","egrowy91","R3MWan"
"khalpen92@cam.ac.uk","Kylila Halpen","khalpen92","8tJ4jiCd"
"cbrachell93@51.la","Carlos Brachell","cbrachell93","P3HAet"
"lgowdie94@liveinternet.ru","Lazaro Gowdie","lgowdie94","DmwbQz"
"mgimblett95@bloomberg.com","Maurice Gimblett","mgimblett95","enACkw2UJ"
"sdebenham96@cam.ac.uk","Shelton Debenham","sdebenham96","NBVMe9"
"bdewicke97@deviantart.com","Bari Dewicke","bdewicke97","YNBzAEruzu"
"stiley98@msn.com","Staford Tiley","stiley98","t8FrtA5k7"
"pfeehan99@toplist.cz","Pearl Feehan","pfeehan99","sMWGLFgCwk2q"
"mboshard9a@jimdo.com","Mariann Boshard","mboshard9a","tXNF64tlU7"
"bdeering9b@github.io","Brynne Deering","bdeering9b","oMHuQkdAzA"
"tkornyakov9c@de.vu","Tami Kornyakov","tkornyakov9c","5pIfIygA"
"bshivell9d@va.gov","Brynn Shivell","bshivell9d","Xk42LB"
"gstleger9e@umich.edu","Glenine St Leger","gstleger9e","N0sr5Fm5"
"tcoveny9f@zimbio.com","Tyler Coveny","tcoveny9f","H6lzYqW"
"pmolson9g@ed.gov","Pollyanna Molson","pmolson9g","eQ3cyP2Hx4n8"
"mrenouf9h@unicef.org","Michaela Renouf","mrenouf9h","2l2nD5HMni"
"acopner9i@cbsnews.com","Ax Copner","acopner9i","aMW8NrF"
"asheahan9j@example.com","Amitie Sheahan","asheahan9j","IJcJ94Roc"
"aguillou9k@alexa.com","Ariel Guillou","aguillou9k","UCjuenqcO"
"tflann9l@salon.com","Tybi Flann","tflann9l","f1RS9KI9DY"
"hmeadmore9m@over-blog.com","Hyman Meadmore","hmeadmore9m","exeDqVztp"
"omathou9n@bloglovin.com","Opaline Mathou","omathou9n","ZmoN8DdwMDP3"
"ykemshell9o@unicef.org","Yelena Kemshell","ykemshell9o","5mOGfQve"
"ssleightholme9p@cisco.com","Shermie Sleightholme","ssleightholme9p","4RVyq2nSU"
"ppole9q@macromedia.com","Parsifal Pole","ppole9q","Yt3KDahb41"
"pbalmadier9r@smh.com.au","Pinchas Balmadier","pbalmadier9r","OFLwvSOCIey5"
"wbastide9s@ucsd.edu","Wyn Bastide","wbastide9s","CMD89g"
"sdionisii9t@altervista.org","Sarah Dionisii","sdionisii9t","RUbhFUM"
"npoulgreen9u@goo.gl","Nappy Poulgreen","npoulgreen9u","ofw6VHUcbz9B"
"kquinnet9v@amazon.co.jp","Koren Quinnet","kquinnet9v","WtAcuvqxse"
"swestnedge9w@photobucket.com","Sammy Westnedge","swestnedge9w","UWZFnmP"
"hney9x@walmart.com","Hunt Ney","hney9x","CaGmRhRpXJ"
"labele9y@home.pl","Latia Abele","labele9y","e9SEh7wij3"
"hfountaine9z@hc360.com","Hendrika Fountaine","hfountaine9z","WSeoKhQ"
"lduguida0@blog.com","Loralyn Duguid","lduguida0","wnhVNf0m0i9"
"groddena1@gov.uk","Guy Rodden","groddena1","nTwY5IR9Dp"
"rorhrta2@archive.org","Rodi Orhrt","rorhrta2","HpHdROzCA1"
"dadlarda3@home.pl","Darill Adlard","dadlarda3","cmSGF47CrWlh"
"jdaddowa4@timesonline.co.uk","Jermaine Daddow","jdaddowa4","89MsmfS"
"ejoskowitza5@china.com.cn","Elton Joskowitz","ejoskowitza5","DO9oiR"
"hferroneta6@ucoz.ru","Hardy Ferronet","hferroneta6","75JG1ZrV9Um"
"cthaima7@linkedin.com","Clarissa Thaim","cthaima7","ZMNsSGKC"
"kchadwina8@salon.com","Katheryn Chadwin","kchadwina8","82kWVJUop"
"nfossicka9@google.com.br","Nellie Fossick","nfossicka9","uJRLC0N"
"bdisneyaa@mapy.cz","Blanche Disney","bdisneyaa","Sloqp4U74axy"
"eeastupab@t-online.de","Elysia Eastup","eeastupab","k3AR3kcIfEw"
"dransteadac@dell.com","Dayle Ranstead","dransteadac","xrIOuNsgcbmh"
"jdowearsad@squarespace.com","Jefferey Dowears","jdowearsad","wSlrBe276"
"cdailyae@php.net","Carmon Daily","cdailyae","eRoqP3T"
"jmixonaf@reuters.com","Jedidiah Mixon","jmixonaf","HXq2YjgrDYb"
"hpallasag@freewebs.com","Hebert Pallas","hpallasag","w3dM16C"
"dtunnochah@issuu.com","Darlleen Tunnoch","dtunnochah","4HGk0OUSg"
"sdanieleai@altervista.org","Suzanne Daniele","sdanieleai","YWa8I2Y7Iv"
"pchernaj@nationalgeographic.com","Peta Chern","pchernaj","1Od3Dbwi"
"fpreskettak@tamu.edu","Faina Preskett","fpreskettak","Ck1ZPEAr"
"cransteadal@over-blog.com","Clay Ranstead","cransteadal","aIjidro"
"ntassellam@ovh.net","Nadine Tassell","ntassellam","ObzIbaVoVM"
"iblankleyan@cam.ac.uk","Iris Blankley","iblankleyan","phDGSH"
"mrubertao@addtoany.com","Marchelle Rubert","mrubertao","OGlqOwu6Cd"
"asantenap@networkadvertising.org","Antonin Santen","asantenap","hPZdSQujUEt"
"asterreaq@bbc.co.uk","Arnuad Sterre","asterreaq","rGiJopn6T"
"dwoolamar@networksolutions.com","Dru Woolam","dwoolamar","SdmlHJLz0D"
"aadkinsas@deviantart.com","Annora Adkins","aadkinsas","Igd2ET9F"
"nohaireat@foxnews.com","Nelson O'Haire","nohaireat","UModZFJ8"
"mokendenau@ed.gov","Meir Okenden","mokendenau","3glqLKoe1SvV"
"ekolesav@nba.com","Emmalynn Koles","ekolesav","Zys4C3"
"mklosaw@oaic.gov.au","Moselle Klos","mklosaw","Zyl0bEgc"
"wcardenosaax@elpais.com","Waylen Cardenosa","wcardenosaax","pFXsjSmv2"
"aconnichieay@prweb.com","Alverta Connichie","aconnichieay","wEwFZHI1r0s"
"csommerlinaz@aboutads.info","Cathrin Sommerlin","csommerlinaz","Es97wiEZn5Uq"
"meburneb0@foxnews.com","Mady Eburne","meburneb0","nFRf18326mC"
"rbartoccib1@umn.edu","Robinia Bartocci","rbartoccib1","0YZN4bEHb0"
"tledwichb2@state.gov","Towny Ledwich","tledwichb2","9hqy4u"
"ajordanb3@xing.com","Anestassia Jordan","ajordanb3","GBv3Cz"
"mwaggettb4@irs.gov","Mirabella Waggett","mwaggettb4","vkhtZ4km"
"ndudneyb5@yahoo.com","Nikos Dudney","ndudneyb5","G9JYKy7HGAJc"
"hspindlerb6@goodreads.com","Hamish Spindler","hspindlerb6","RBWdus5MXx"
"tstidworthyb7@nhs.uk","Torey Stidworthy","tstidworthyb7","qL0tBCS0C"
"mdominguesb8@geocities.com","Mollie Domingues","mdominguesb8","G16lHfre"
"rschafflerb9@newsvine.com","Raymond Schaffler","rschafflerb9","6ULrF1pDL3Q"
"bclappba@myspace.com","Bonni Clapp","bclappba","j4XARtj"
"eboichatbb@hubpages.com","Elli Boichat","eboichatbb","P28Y9rN9MolD"
"ngoldneybc@upenn.edu","Nixie Goldney","ngoldneybc","cRtVarzsN2"
"azannettibd@example.com","Abbye Zannetti","azannettibd","zuRJ1jkak9I"
"whesbrookbe@nytimes.com","Woodrow Hesbrook","whesbrookbe","UpltfJcYFE"
"tskasebf@uol.com.br","Tilly Skase","tskasebf","Wuwnj6Vl"
"lskimbg@intel.com","Lianne Skim","lskimbg","4aNOq2RG"
"tbothambh@msu.edu","Tudor Botham","tbothambh","YL1Cmc"
"mdorosariobi@icio.us","Magdalene Do Rosario","mdorosariobi","Di0DomQaap"
"wklugmanbj@blogger.com","Welbie Klugman","wklugmanbj","4E7V3bqZlc"
"dgrimoldbybk@fda.gov","Diandra Grimoldby","dgrimoldbybk","chIU2lR0Aq"
"bsiemensbl@unesco.org","Brant Siemens","bsiemensbl","fQjkm6"
"kkarolowskibm@mapy.cz","Kermit Karolowski","kkarolowskibm","NKbMkh"
"osommertonbn@google.ru","Orv Sommerton","osommertonbn","dV6DGEcjM25"
"jeadingtonbo@icq.com","Jens Eadington","jeadingtonbo","3J2Baqi98"
"dpidgleybp@prnewswire.com","Deb Pidgley","dpidgleybp","4vlyIBzKnR"
"zocarranbq@who.int","Zia O'Carran","zocarranbq","4vqAaobiD"
"nfourmanbr@hud.gov","Nadiya Fourman","nfourmanbr","5gsZ4O"
"sbatissebs@free.fr","Shari Batisse","sbatissebs","Pgi8j9"
"ehowlingbt@sfgate.com","Ezechiel Howling","ehowlingbt","6nXXe1rszBi"
"isickertbu@squarespace.com","Immanuel Sickert","isickertbu","jks4kPE6N"
"mbernardesbv@blogs.com","Manda Bernardes","mbernardesbv","qvvN17TSh"
"gmcelhargybw@mac.com","Gian McElhargy","gmcelhargybw","cantSoIodIZ"
"ogawnebx@4shared.com","Ossie Gawne","ogawnebx","22jvBytxJn"
"bmaccolganby@purevolume.com","Baudoin MacColgan","bmaccolganby","I39HEMq5"
"mliddiattbz@com.com","Madelena Liddiatt","mliddiattbz","r9rnvuq"
"ecarcassc0@ftc.gov","Eldon Carcass","ecarcassc0","JDvAb3"
"kmcinerneyc1@moonfruit.com","Karmen McInerney","kmcinerneyc1","dYwpmcLBfn"
"kminghettic2@mysql.com","Kiri Minghetti","kminghettic2","SHiAlw7g"
"kmckelveyc3@purevolume.com","Kathi McKelvey","kmckelveyc3","yWhBmQS"
"emoresidec4@eventbrite.com","Elvina Moreside","emoresidec4","zCSUMGj1KCk"
"aevettsc5@wordpress.org","Alejandra Evetts","aevettsc5","kGy58t"
"mmacdunleavyc6@blog.com","Melly MacDunleavy","mmacdunleavyc6","Qqr0frSVTHT"
"ksilvermanc7@discuz.net","Konstantine Silverman","ksilvermanc7","S1xXN6XjlNcF"
"fbishopc8@vistaprint.com","Fabien Bishop","fbishopc8","2JIgSC"
"crobjohnsc9@bizjournals.com","Cris Robjohns","crobjohnsc9","GacwqtWL1Jd"
"hgrinterca@live.com","Hulda Grinter","hgrinterca","4ucQzUi5LH"
"jwigelsworthcb@engadget.com","Janie Wigelsworth","jwigelsworthcb","HXQJOuR"
"dreyescc@barnesandnoble.com","Dulcine Reyes","dreyescc","Awq8umyyZ"
"cglanestercd@pagesperso-orange.fr","Celene Glanester","cglanestercd","ls7cTA"
"ahaslamce@about.com","Adolph Haslam","ahaslamce","txfhXjgHlv"
"gbeaverscf@google.com.hk","Gracie Beavers","gbeaverscf","qivCZrByp"
"eclubleycg@stumbleupon.com","Eli Clubley","eclubleycg","pc4Ra9bhf"
"mbartosch@archive.org","Maure Bartos","mbartosch","nhQMfx13A2mx"
"ascarlanci@edublogs.org","Alonzo Scarlan","ascarlanci","o7dAI9ZdF"
"rbogeyscj@foxnews.com","Rosana Bogeys","rbogeyscj","I4ViHjkW8"
"kisabellck@woothemes.com","Kiele Isabell","kisabellck","yruqGsThKhus"
"mwiddicombecl@freewebs.com","Marmaduke Widdicombe","mwiddicombecl","p55fabH7gIgM"
"hkalbcm@constantcontact.com","Haley Kalb","hkalbcm","GPV0BuvUB8"
"gmacqueencn@army.mil","Godfry MacQueen","gmacqueencn","HEyMrdNe4dXm"
"ecroserco@instagram.com","Euphemia Croser","ecroserco","b24dtpx"
"rsandilandcp@nasa.gov","Randie Sandiland","rsandilandcp","JbRjuccp"
"mdetheridgecq@aboutads.info","Mayor Detheridge","mdetheridgecq","YX7wsa"
"shakonsencr@tumblr.com","Sibylle Hakonsen","shakonsencr","NLy1MMAsU"
"eoldknowcs@go.com","Elicia Oldknow","eoldknowcs","tp6gdyIqCp"
"cmerfinct@wired.com","Corry Merfin","cmerfinct","sGLgwNIsM"
"mmichellecu@japanpost.jp","Marquita Michelle","mmichellecu","O84sXika"
"avogelecv@over-blog.com","Anderson Vogele","avogelecv","rd0tpnHTDKzR"
"iberfootcw@nba.com","Ira Berfoot","iberfootcw","335ALN"
"tcarillocx@google.pl","Tab Carillo","tcarillocx","PwsqSs"
"tpirniecy@geocities.jp","Tory Pirnie","tpirniecy","SLp2PT1Dv"
"tshadfourthcz@apple.com","Tabitha Shadfourth","tshadfourthcz","zrY1NkS1iNh"
"mpauled0@mozilla.org","Maggee Paule","mpauled0","qyMX4ZgOUCh0"
"olowisd1@ycombinator.com","Octavia Lowis","olowisd1","6HbRnuspVJW"
"dlabeuild2@jugem.jp","Daveta Labeuil","dlabeuild2","tYH5pa7ii"
"twaned3@shinystat.com","Tildi Wane","twaned3","7uyBWY2GUh"
"irunacresd4@businessinsider.com","Ilyssa Runacres","irunacresd4","e9TpC8kTyuP"
"rsnared5@microsoft.com","Roi Snare","rsnared5","uVUpnATo"
"mshillakerd6@dot.gov","Marys Shillaker","mshillakerd6","FEbN0b"
"thonackerd7@multiply.com","Tommie Honacker","thonackerd7","EqT1OffMR1bM"
"fdevitad8@nasa.gov","Friederike Devita","fdevitad8","mwlNImfNw"
"fximenezd9@army.mil","Felizio Ximenez","fximenezd9","6Fi3hU0Ie"
"lasaafda@fotki.com","Lura Asaaf","lasaafda","4DXMy6AsqF3"
"lburkettdb@npr.org","Leontine Burkett","lburkettdb","SyssiR"
"egranhamdc@gmpg.org","Edin Granham","egranhamdc","l43oAahvJc5V"
"cbuckhurstdd@wisc.edu","Cliff Buckhurst","cbuckhurstdd","nAi6sM5NI"
"gorrobinde@deliciousdays.com","Gail Orrobin","gorrobinde","roAN6u"
"aricedf@nih.gov","Ashli Rice","aricedf","puzPOZbh"
"poleszczakdg@mail.ru","Perl Oleszczak","poleszczakdg","pZUa8ssz"
"gbasterfielddh@pcworld.com","Gertrudis Basterfield","gbasterfielddh","QCGakGhQtPe"
"achesondi@weebly.com","Amil Cheson","achesondi","Dcibml"
"dgillbeydj@nps.gov","Daniele Gillbey","dgillbeydj","UjOSRnbhGg0f"
"shanbridgedk@instagram.com","Scotti Hanbridge","shanbridgedk","YFoEq6oB633"
"ndalesdl@wordpress.com","Nicolas Dales","ndalesdl","xVrfiBi9"
"dcannamdm@rediff.com","Dyan Cannam","dcannamdm","03Jr0FGJSq1p"
"hpatemoredn@bravesites.com","Hynda Patemore","hpatemoredn","EssZtY"
"bprudhamdo@ameblo.jp","Bridget Prudham","bprudhamdo","dKRyQjwtNt"
"tcashleydp@mlb.com","Tallulah Cashley","tcashleydp","nXxRcoa7qE"
"lcicconedq@rediff.com","Lexy Ciccone","lcicconedq","a3uveQ8f"
"correydr@oakley.com","Clementius Orrey","correydr","h1PBfcARzqq"
"fslatterds@usgs.gov","Fleurette Slatter","fslatterds","ep3iWxmo"
"toxladedt@quantcast.com","Tremayne Oxlade","toxladedt","QkitTZ"
"hstaplesdu@usgs.gov","Herta Staples","hstaplesdu","MoLgbd"
"melizabethdv@myspace.com","Maryjo Elizabeth","melizabethdv","KVvt08Be82"
"lhuntingdondw@artisteer.com","Lauri Huntingdon","lhuntingdondw","GGpsULSPFpe"
"gfurmengerdx@github.com","Garry Furmenger","gfurmengerdx","UT3fLglimvI"
"bmurdydy@thetimes.co.uk","Burl Murdy","bmurdydy","gZO2vjpF6VJ"
"afranscionidz@canalblog.com","Ashby Franscioni","afranscionidz","dMafzl2"
"pfarnhame0@hao123.com","Pren Farnham","pfarnhame0","XB5Oyu"
"bkelingee1@cocolog-nifty.com","Brittaney Kelinge","bkelingee1","qsvsTodDTrk"
"nlindere2@adobe.com","Niles Linder","nlindere2","HLRhvNEH"
"tmedwaye3@noaa.gov","Timothea Medway","tmedwaye3","33XWCCeqM"
"jsimpsone4@cyberchimps.com","Jobye Simpson","jsimpsone4","mwaVDapZ8J"
"ddrennane5@woothemes.com","Dennie Drennan","ddrennane5","TPgVCT2aoJ"
"sneiluse6@google.co.uk","Susann Neilus","sneiluse6","uGWK57M"
"zmcindrewe7@java.com","Zeke McIndrew","zmcindrewe7","nPZWdWJ"
"dsurre8@imgur.com","Darell Surr","dsurre8","8X3zACZ"
"lmelmethe9@mayoclinic.com","Leoline Melmeth","lmelmethe9","i2PUuwYt"
"rkibbeeea@nationalgeographic.com","Redd Kibbee","rkibbeeea","ZNzdSj6n"
"drevingtoneb@ted.com","De Revington","drevingtoneb","U05qB8v1"
"athyngec@sfgate.com","Anstice Thyng","athyngec","bsv3xAQ"
"snorketted@scribd.com","Susie Norkett","snorketted","pQlL0bsXh3e"
"mbessomee@live.com","Modesta Bessom","mbessomee","G3sZpigrK"
"rdudinef@gizmodo.com","Rosina Dudin","rdudinef","zwPDoo1D3Itg"
"abroadyeg@slideshare.net","Alfie Broady","abroadyeg","vLCgEqtc"
"gmarchingtoneh@tmall.com","Gwen Marchington","gmarchingtoneh","tZ7OFr"
"bbranchettei@netvibes.com","Brigit Branchett","bbranchettei","zLvI3sW"
"fchaterej@foxnews.com","Florance Chater","fchaterej","ytXhxL21"
"dplacidoek@loc.gov","Dayle Placido","dplacidoek","oLxmESp"
"dkestertonel@rakuten.co.jp","Douglass Kesterton","dkestertonel","wFW5dFmhhdM"
"gwikeem@blog.com","Gaile Wike","gwikeem","whkXQGhV"
"pkesperen@apache.org","Philly Kesper","pkesperen","tUk03W"
"jsegareo@mtv.com","Joby Segar","jsegareo","i6eEZx"
"gsanchizep@homestead.com","Grace Sanchiz","gsanchizep","ed3G4Pma"
"scattermouleq@buzzfeed.com","Stanley Cattermoul","scattermouleq","zTIjyIySI"
"rsummerleeer@booking.com","Rhett Summerlee","rsummerleeer","yIJW4TX68sS"
"kfrushardes@elpais.com","Keriann Frushard","kfrushardes","zhvFdVWnAGyU"
"masaafet@wufoo.com","Matthias Asaaf","masaafet","4SxfBFa6SE1"
"massereu@salon.com","Mikaela Asser","massereu","PLwqLmW"
"csilcockev@cdbaby.com","Chan Silcock","csilcockev","ws40hW"
"eaggusew@twitter.com","Esta Aggus","eaggusew","pLxVYe"
"wwillcottex@photobucket.com","Wadsworth Willcott","wwillcottex","bLVgwq6"
"vkingsmilley@yale.edu","Vina Kingsmill","vkingsmilley","NkBS40PQEn3O"
"jresunez@google.ca","Jermain Resun","jresunez","am8XlC"
"rmottinif0@google.pl","Rosette Mottini","rmottinif0","Hvc7hJ"
"gdanskenf1@bandcamp.com","Giffer Dansken","gdanskenf1","ADvP0bZ5ol7"
"mguittef2@1688.com","Marian Guitte","mguittef2","AUfIWal2Y"
"nskaymanf3@pcworld.com","Nollie Skayman","nskaymanf3","Sl08NtwZJYkW"
"egraberf4@marketwatch.com","Elwood Graber","egraberf4","Adlwq5U4V2"
"jbarentsf5@scientificamerican.com","Justis Barents","jbarentsf5","PUIeU4tJM8"
"lzanassif6@ucsd.edu","Lyssa Zanassi","lzanassif6","3H1Fzn0aWU"
"psollettf7@ycombinator.com","Pegeen Sollett","psollettf7","Skfo7I"
"kvillarf8@washington.edu","Kass Villar","kvillarf8","rTy7JXjG2bF"
"glivingstonf9@joomla.org","Garnette Livingston","glivingstonf9","QBFj0xN1F"
"nmccreaghfa@sun.com","Niki McCreagh","nmccreaghfa","jxnJiIR"
"adruittfb@dion.ne.jp","Alford Druitt","adruittfb","ZkXa4KOB"
"hmintofc@live.com","Heriberto Minto","hmintofc","2eThfL"
"mcroalfd@abc.net.au","Mala Croal","mcroalfd","7p12zmMek8Nb"
"csamsworthfe@timesonline.co.uk","Cordy Samsworth","csamsworthfe","BBGHLd4PR"
"amahedyff@bloomberg.com","Antonie Mahedy","amahedyff","ggJV7OKc8ef"
"jgoldinfg@yandex.ru","Justina Goldin","jgoldinfg","OCiqoIDAX"
"smerrywetherfh@npr.org","Simonette Merrywether","smerrywetherfh","bZm7p4Opd"
"dtacefi@toplist.cz","Demetrius Tace","dtacefi","oaez7r8"
"roraffertyfj@sourceforge.net","Rahel O'Rafferty","roraffertyfj","fpP1cTO"
"cbufffk@bandcamp.com","Crystie Buff","cbufffk","QWsY0H"
"jecclesfl@paginegialle.it","Joelle Eccles","jecclesfl","QwK5gEkvjH"
"mbezantfm@mozilla.com","Moe Bezant","mbezantfm","vptBlmWfS"
"hsheweryfn@fastcompany.com","Hector Shewery","hsheweryfn","FFLJVW"
"rmacvanamyfo@weather.com","Raoul MacVanamy","rmacvanamyfo","R7aqyE"
"sduetschefp@bloglovin.com","Shana Duetsche","sduetschefp","JSpw5WZ"
"tbretherickfq@tinypic.com","Talya Bretherick","tbretherickfq","Y1P11Yj"
"lkellawayfr@drupal.org","Lila Kellaway","lkellawayfr","gfzN5qj"
"gnalderfs@si.edu","Geoffrey Nalder","gnalderfs","yUxmSop"
"bcawthronft@whitehouse.gov","Brendon Cawthron","bcawthronft","jCppL6pfWk8Z"
"dbruntonfu@reverbnation.com","Daven Brunton","dbruntonfu","jNKWyiTg7Ka3"
"wdudlistonfv@issuu.com","Wayne Dudliston","wdudlistonfv","Ob69FcTZtw"
"sconanfw@artisteer.com","Shadow Conan","sconanfw","TyynLCyOkBRj"
"kseabonfx@usda.gov","Kellia Seabon","kseabonfx","ykrqo9aLe"
"tmackaigfy@businessweek.com","Tilda MacKaig","tmackaigfy","jFqalcV"
"mberreyfz@nydailynews.com","Marty Berrey","mberreyfz","fGQOQDnSK"
"lsquirrellg0@behance.net","Leland Squirrell","lsquirrellg0","XW7GtE0"
"cstrangewaysg1@youku.com","Carr Strangeways","cstrangewaysg1","bYCByD"
"jwishartg2@slideshare.net","Jeannette Wishart","jwishartg2","0ZRJK8R"
"mgamellg3@wikimedia.org","Michele Gamell","mgamellg3","cZx46N"
"vpovahg4@home.pl","Vivi Povah","vpovahg4","n9kwXDSjDOGc"
"murridgeg5@omniture.com","Merrie Urridge","murridgeg5","ZYjqnAdJU"
"ksouthouseg6@ovh.net","Kyla Southouse","ksouthouseg6","iPnH5QTBu9"
"bcaveneyg7@webmd.com","Brendon Caveney","bcaveneyg7","gArrIFf"
"jduffing8@rakuten.co.jp","Jorey Duffin","jduffing8","kPkeWHd"
"adenholmg9@sohu.com","Aindrea Denholm","adenholmg9","FIGVPDG2IHrs"
"gsimonotga@abc.net.au","Giffard Simonot","gsimonotga","mlEzbs"
"gmorantgb@un.org","Gustave Morant","gmorantgb","a5txeO"
"agroucuttgc@behance.net","Allan Groucutt","agroucuttgc","MDOXSm"
"lpatshullgd@pinterest.com","Lindy Patshull","lpatshullgd","YImCUaZ0ycIp"
"clystge@reference.com","Crystal Lyst","clystge","a2eJJ1bg4ZQ"
"cosiningf@blinklist.com","Conney Osinin","cosiningf","r5ZVle"
"carmourgg@huffingtonpost.com","Cathe Armour","carmourgg","uwyV7G9l2"
"bsampeygh@ebay.com","Blanch Sampey","bsampeygh","C6Rt7psJL"
"dnibloegi@shop-pro.jp","Dominik Nibloe","dnibloegi","Mms5UR"
"sroderighigj@trellian.com","Saleem Roderighi","sroderighigj","3hMGiouZM6k"
"rshepherdsongk@nih.gov","Reinwald Shepherdson","rshepherdsongk","B6qfERt42"
"dsatchellgl@macromedia.com","Desmund Satchell","dsatchellgl","vl5PRI"
"zhalwillgm@cpanel.net","Zandra Halwill","zhalwillgm","mWQ3RD"
"lscarbarrowgn@elegantthemes.com","Lilla Scarbarrow","lscarbarrowgn","2nz0rqe5cBbn"
"abernadotgo@woothemes.com","Aguste Bernadot","abernadotgo","uWqOkL"
"trenekegp@washingtonpost.com","Trescha Reneke","trenekegp","E114jHxY0ZN"
"kadolfsongq@creativecommons.org","Kirk Adolfson","kadolfsongq","0ulokRW0aMMn"
"dhaddlestongr@theguardian.com","Dannye Haddleston","dhaddlestongr","U3cxYnK2p"
"omccarrollgs@freewebs.com","Ofilia Mc Carroll","omccarrollgs","kLwyy06e"
"abeneixgt@ning.com","Annmarie Beneix","abeneixgt","nvzDYztk"
"rmcnaughtgu@smugmug.com","Rudd McNaught","rmcnaughtgu","wCDK5sskDCF"
"elyenynggv@deliciousdays.com","Emmi Lyenyng","elyenynggv","gFw6mO9vuXq"
"mgoalbygw@hostgator.com","Morton Goalby","mgoalbygw","PchKoV"
"aburlinggx@hao123.com","Aggy Burling","aburlinggx","5GQkNUDSL1"
"sgribbongy@blogger.com","Sammy Gribbon","sgribbongy","ZddENc"
"emccrostiegz@noaa.gov","Ediva McCrostie","emccrostiegz","F4qQenZJk"
"aantonikovh0@addtoany.com","Ann-marie Antonikov","aantonikovh0","20LyqXE"
"srambauth1@hostgator.com","Stanwood Rambaut","srambauth1","yCSrcK"
"pbolteh2@yale.edu","Paige Bolte","pbolteh2","ekFCBTXW"
"gmumbersonh3@ucoz.ru","Grier Mumberson","gmumbersonh3","0pZ1Mv"
"efentyh4@sogou.com","Estele Fenty","efentyh4","1VWPcDK2"
"mheadlandh5@ning.com","Mychal Headland","mheadlandh5","qhNwOr"
"mscotchmerh6@cornell.edu","Mariam Scotchmer","mscotchmerh6","3iPw1aOk0b"
"lmcdonellh7@4shared.com","Leisha McDonell","lmcdonellh7","07CQsSaBb"
"ededenhamh8@e-recht24.de","Elston Dedenham","ededenhamh8","kEiEnrW329S"
"hscannellh9@google.fr","Hugo Scannell","hscannellh9","qmgmjce24"
"gberriganha@jalbum.net","Gaye Berrigan","gberriganha","jvefaMQv"
"sedgesonhb@linkedin.com","Shina Edgeson","sedgesonhb","EbvqEJCP"
"anobletthc@liveinternet.ru","Alverta Noblett","anobletthc","AeZ8G9rCVlpc"
"mrosenfelderhd@cam.ac.uk","Margaretta Rosenfelder","mrosenfelderhd","9dIJcR"
"tdevalhe@census.gov","Tyrone Deval","tdevalhe","bUMo64GNu"
"hgowriehf@cnn.com","Horacio Gowrie","hgowriehf","twGchnjGp"
"slempertzhg@go.com","Siouxie Lempertz","slempertzhg","Mq0tq7m12"
"bgrishanovhh@sbwire.com","Bunnie Grishanov","bgrishanovhh","ubqyIBxr4S0z"
"vkildayhi@earthlink.net","Vince Kilday","vkildayhi","a5x6fXTZsU"
"cdaviddehj@a8.net","Christy Davidde","cdaviddehj","Uw7CzcVW"
"jigounethk@quantcast.com","Jed Igounet","jigounethk","Ivy3WtZMMme"
"smcclancyhl@eventbrite.com","Somerset McClancy","smcclancyhl","YU6ncffSlb0"
"ibyarthm@woothemes.com","Ignacius Byart","ibyarthm","qceUkxa2"
"lsarsonshn@webeden.co.uk","Lolita Sarsons","lsarsonshn","BdGNRrx"
"hsecombeho@npr.org","Hedwig Secombe","hsecombeho","G1avh3HpU"
"cbattellhp@nbcnews.com","Catriona Battell","cbattellhp","ISHqpfZMD45"
"dfotitthq@mail.ru","Darnall Fotitt","dfotitthq","Ydt0iAEmkG8s"
"mputterillhr@so-net.ne.jp","Madge Putterill","mputterillhr","YchJYSib"
"hstrangewayshs@mail.ru","Hurlee Strangeways","hstrangewayshs","chat5oB"
"mearryht@washingtonpost.com","Madel Earry","mearryht","So0LKqwQsp"
"jharbererhu@imdb.com","Jourdan Harberer","jharbererhu","NLxW4eUBGv"
"mstearnhv@bbb.org","Merle Stearn","mstearnhv","3V8aNR26tQd4"
"frizzellihw@baidu.com","Fairlie Rizzelli","frizzellihw","gpjQddZm0PMY"
"kcormackhx@cam.ac.uk","Katrinka Cormack","kcormackhx","Ixp5H6gS49"
"rcavenhy@odnoklassniki.ru","Raul Caven","rcavenhy","XUAXXGZK7q"
"gnairnshz@is.gd","Geordie Nairns","gnairnshz","HFAy9Scic"
"jhalvorseni0@apache.org","Joey Halvorsen","jhalvorseni0","O3KCTouNm0"
"vmethveni1@acquirethisname.com","Vitoria Methven","vmethveni1","ekw4L0"
"hworgei2@gnu.org","Hall Worge","hworgei2","Li8QTh"
"esherrumi3@bloglines.com","Eduardo Sherrum","esherrumi3","TdqhSRf5"
"clongfieldi4@macromedia.com","Christan Longfield","clongfieldi4","NzSgs9e23m"
"mwhykei5@mediafire.com","Mort Whyke","mwhykei5","BBEpXY1P3WN0"
"bsprotti6@nbcnews.com","Barr Sprott","bsprotti6","6ex3rQkY"
"ebampfordi7@indiatimes.com","Elenore Bampford","ebampfordi7","p26A72"
"elampeni8@meetup.com","Elnore Lampen","elampeni8","RSwEzv44L6G"
"kraybouldi9@alibaba.com","Killie Raybould","kraybouldi9","PUxT0F"
"amckeownia@independent.co.uk","Albie McKeown","amckeownia","hfl5WR"
"tbentallib@jalbum.net","Temple Bentall","tbentallib","BeRpA4LIEgde"
"fdieganic@bloomberg.com","Florry Diegan","fdieganic","2kS2VNNR"
"nguisotid@archive.org","Nonah Guisot","nguisotid","6GYaRuW7hA"
"mlegatie@google.pl","Marinna Legat","mlegatie","ZTMjgIbum"
"iudaleif@wikimedia.org","Inga Udale","iudaleif","VQdcYoMIg"
"msebrookig@apache.org","Mel Sebrook","msebrookig","27PYrWm"
"efishburnih@nydailynews.com","Eleonore Fishburn","efishburnih","Sty80obP8"
"pcreaghii@wix.com","Port Creagh","pcreaghii","I517KXz"
"ccaveillij@livejournal.com","Cherish Caveill","ccaveillij","bsWpXGIuu"
"mgluyusik@cbc.ca","Myrta Gluyus","mgluyusik","Q3MV5c2co"
"ccrannyil@deviantart.com","Colby Cranny","ccrannyil","pyKtuVF2p"
"atrayhornim@intel.com","Amara Trayhorn","atrayhornim","jimzsBMe"
"ibeachamin@nymag.com","Indira Beacham","ibeachamin","x0AbkaKD1Mnd"
"wkobpaio@jigsy.com","Walker Kobpa","wkobpaio","LiIacQLIdoO"
"cshoebrookip@odnoklassniki.ru","Carena Shoebrook","cshoebrookip","Gixx6gZY7"
"mharrismithiq@sphinn.com","Merrel Harrismith","mharrismithiq","wcynCI"
"rfreanir@dyndns.org","Ronnica Frean","rfreanir","RK6UJrhA"
"rchedgeyis@constantcontact.com","Russ Chedgey","rchedgeyis","ACA9zc4DmJA"
"ggernierit@xinhuanet.com","Georgeanna Gernier","ggernierit","9P5zH0"
"egrevilleiu@nih.gov","Erna Greville","egrevilleiu","wHtVAjvf"
"smatyjaiv@techcrunch.com","Stella Matyja","smatyjaiv","sHY6PR76bPC"
"mkemmeriw@ameblo.jp","Merrill Kemmer","mkemmeriw","2V2fli7Uo4Qo"
"tmcmorranix@yolasite.com","Tristan McMorran","tmcmorranix","kwVeVzh"
"afranceschiy@51.la","Annalee Francesch","afranceschiy","i14TlKbv2"
"rniaveiz@mtv.com","Reamonn Niave","rniaveiz","4VeS41aeK2i"
"ajanicekj0@a8.net","Aindrea Janicek","ajanicekj0","eD4EcP"
"pellwoodj1@surveymonkey.com","Philly Ellwood","pellwoodj1","g0RhYfq"
"choovartj2@ning.com","Ciro Hoovart","choovartj2","zCPCaEPzGCOO"
"cmcbaynej3@dropbox.com","Cleon McBayne","cmcbaynej3","3qjdYS1R"
"rramsayj4@biglobe.ne.jp","Rollie Ramsay","rramsayj4","vgJdlriES1H"
"grembrantj5@sphinn.com","Giorgio Rembrant","grembrantj5","FC6gZf20T"
"sroelsj6@cyberchimps.com","Shirlee Roels","sroelsj6","EaH0PouP2"
"cmacgorleyj7@etsy.com","Corella MacGorley","cmacgorleyj7","PD5p6Kb"
"ytrebblej8@photobucket.com","Yetty Trebble","ytrebblej8","MkDG7YpfVe"
"jbaitmanj9@feedburner.com","Jaymie Baitman","jbaitmanj9","EspsoY3RHy6Q"
"etimmsja@dot.gov","Emili Timms","etimmsja","jEjB2WCUi7x5"
"lchurmjb@yahoo.com","Lena Churm","lchurmjb","l0Cnt4j"
"cbiggjc@furl.net","Caleb Bigg","cbiggjc","67f4GMcOgH"
"asollowayejd@opera.com","Allison Sollowaye","asollowayejd","DYAhW8"
"mscrigmourje@businessinsider.com","Madalena Scrigmour","mscrigmourje","jjgsJv9I7ROm"
"cnapoleonejf@marketwatch.com","Clemmy Napoleone","cnapoleonejf","1c8q9RZ5Df"
"gkenlinjg@newyorker.com","Gonzalo Kenlin","gkenlinjg","urz9osYh1"
"jmcguiganjh@example.com","Jermain McGuigan","jmcguiganjh","zblmX7"
"fgianninottiji@deliciousdays.com","Florenza Gianninotti","fgianninottiji","WcFeUld1V"
"hwebleyjj@typepad.com","Hurleigh Webley","hwebleyjj","zjk5YM7"
"hharlandjk@cdbaby.com","Hastie Harland","hharlandjk","6ExSLPScMy"
"reltunjl@examiner.com","Rab Eltun","reltunjl","5Cx4fuj7u"
"ldellortojm@state.tx.us","Latia Dell 'Orto","ldellortojm","l1xE5nafAu"
"ltesdalejn@unc.edu","Link Tesdale","ltesdalejn","fVXp3rvRJ"
"whadkinsjo@ibm.com","Willette Hadkins","whadkinsjo","lu5C8RUkto"
"mtommasettijp@taobao.com","Mayer Tommasetti","mtommasettijp","BJUaYs92jid"
"asirrjq@wsj.com","Andres Sirr","asirrjq","rJjq9Jt"
"dstillerjr@theglobeandmail.com","Domenic Stiller","dstillerjr","JRHLAY"
"jmandevillejs@nationalgeographic.com","Jennica Mandeville","jmandevillejs","HR4dbkFiI"
"mcastelijnjt@altervista.org","Minor Castelijn","mcastelijnjt","JpYpj3j7i"
"jabdonju@vistaprint.com","Joscelin Abdon","jabdonju","TNvLL08uSqG"
"gjaramjv@squarespace.com","Gratia Jaram","gjaramjv","4Lkzlnuv"
"warmalljw@barnesandnoble.com","Wilfred Armall","warmalljw","82BHaph8fnM2"
"blindljx@samsung.com","Brigitte Lindl","blindljx","erBEpLFZ"
"gconfaitjy@tripadvisor.com","Genny Confait","gconfaitjy","HZl49RXSrAz"
"jclarsonjz@vinaora.com","Josey Clarson","jclarsonjz","lDUnLQQmg"
"ftapleyk0@chron.com","Franklin Tapley","ftapleyk0","gntDY571T8wz"
"lmccaughank1@illinois.edu","Lee McCaughan","lmccaughank1","33PJiHy"
"fgrzegorczykk2@europa.eu","Florella Grzegorczyk","fgrzegorczykk2","5Swh6bAz"
"mgodleek3@hostgator.com","Marline Godlee","mgodleek3","A4uCq2aumbh"
"jtowsiek4@mapquest.com","Jorey Towsie","jtowsiek4","kEQL9R0Z"
"sbremingk5@msn.com","Stace Breming","sbremingk5","YbpGHlECdNr1"
"bmichelottik6@newsvine.com","Branden Michelotti","bmichelottik6","34b6d79T"
"ewithropk7@nymag.com","Elle Withrop","ewithropk7","hzDsEa3"
"gmurdiek8@walmart.com","Giulia Murdie","gmurdiek8","ipwnuGML"
"dbennoek9@adobe.com","Deane Bennoe","dbennoek9","2XYY77zwtOlG"
"mgillingwaterka@wp.com","Monro Gillingwater","mgillingwaterka","y4nFA1on4fXz"
"mbotwoodkb@webnode.com","Maxwell Botwood","mbotwoodkb","shAl6bUZQ"
"mdobrowlskikc@uiuc.edu","Mariejeanne Dobrowlski","mdobrowlskikc","rBPv0q6cHAeu"
"kmoxtedkd@senate.gov","Kariotta Moxted","kmoxtedkd","Q44jcmEgzNco"
"srandaleske@marriott.com","Sarene Randales","srandaleske","eBo5AXo"
"fchapplekf@bigcartel.com","Fiorenze Chapple","fchapplekf","dRY6D2ajI"
"ccheverskg@simplemachines.org","Celestyna Chevers","ccheverskg","5wjZGQ1"
"sarrowsmithkh@jalbum.net","Sonia Arrowsmith","sarrowsmithkh","KitGDK5wrGc"
"ndarbishireki@list-manage.com","Nikolas Darbishire","ndarbishireki","CDPuKeTiQX"
"nsimonyikj@guardian.co.uk","Napoleon Simonyi","nsimonyikj","OhKvhq1gmm"
"jrackstrawkk@mapquest.com","Jeanine Rackstraw","jrackstrawkk","zwgEx61WnQ"
"cormstonkl@ycombinator.com","Clementius Ormston","cormstonkl","VZ2pRv"
"clegionkm@fc2.com","Cyndia Legion","clegionkm","LjBjsLIZh"
"tmacknockerkn@cisco.com","Torry MacKnocker","tmacknockerkn","qPGunMrmp"
"dvauxko@imdb.com","Dewitt Vaux","dvauxko","HhJ81MHsQ"
"lspillanekp@rambler.ru","Leese Spillane","lspillanekp","nN1iTJof"
"fwalbridgekq@scientificamerican.com","Felipa Walbridge","fwalbridgekq","rQFehBP"
"lbaylykr@yahoo.co.jp","Leigha Bayly","lbaylykr","O7vzNqkp"
"sallwoodks@uiuc.edu","Stuart Allwood","sallwoodks","l0vff5aF9W0"
"pmeekkt@sun.com","Phyllis Meek","pmeekkt","Rr6XpHCE"
"ldomangeku@twitpic.com","Lisbeth Domange","ldomangeku","gSTxa7YC40"
"hleverettkv@earthlink.net","Hubert Leverett","hleverettkv","Rii6ci"
"klynekw@chronoengine.com","Krystle Lyne","klynekw","OzsCgvVt"
"cbrahmerkx@census.gov","Celina Brahmer","cbrahmerkx","sa1PJMJNyp"
"gpfeffelky@telegraph.co.uk","Gay Pfeffel","gpfeffelky","qbm6dpsekyOt"
"sgavaghankz@linkedin.com","Sallyann Gavaghan","sgavaghankz","kQihiZT"
"cseabrightl0@psu.edu","Carver Seabright","cseabrightl0","Da2dyeH"
"straicel1@purevolume.com","Shaun Traice","straicel1","Qpewa81wHs"
"soheneryl2@netlog.com","Shirleen O'Henery","soheneryl2","1W8luo12"
"bschistll3@narod.ru","Bertrando Schistl","bschistll3","tyJelXNhE"
"arizzol4@wired.com","Andrus Rizzo","arizzol4","vvRxHQOYGZ"
"epointsl5@theguardian.com","Eliza Points","epointsl5","OCn8JGRd"
"gilyinykhl6@webnode.com","Gamaliel Ilyinykh","gilyinykhl6","rQYPi1fr"
"pschurickel7@shareasale.com","Phillipe Schuricke","pschurickel7","HxqUCWL"
"hvatcherl8@webmd.com","Herrick Vatcher","hvatcherl8","bbdGMy0"
"flatel9@dell.com","Frank Late","flatel9","aSQ6ORuD"
"cwinfreyla@huffingtonpost.com","Chrystel Winfrey","cwinfreyla","wvsjHlg"
"hpakenhamlb@prlog.org","Hilliary Pakenham","hpakenhamlb","LnQ6BcmT"
"criddlerlc@marketwatch.com","Carree Riddler","criddlerlc","pTkQ5wDUk5"
"nblowld@skyrock.com","Nathalia Blow","nblowld","ALIZwG0"
"aschulzele@wired.com","Alwin Schulze","aschulzele","575jvCP4Y"
"wwaddilovelf@symantec.com","Willem Waddilove","wwaddilovelf","EzuxuO"
"ptrudgeonlg@barnesandnoble.com","Pete Trudgeon","ptrudgeonlg","xoPJBthvWII"
"ldanfordlh@blinklist.com","Lizzie Danford","ldanfordlh","QM7PKCIItinV"
"sianneli@chicagotribune.com","Shel Ianne","sianneli","qDddRN"
"mharrismithlj@sakura.ne.jp","Margery Harrismith","mharrismithlj","GrFD41Gf"
"kfibbingslk@indiatimes.com","Kathie Fibbings","kfibbingslk","1TqL2KyReK8"
"clardinerll@abc.net.au","Cass Lardiner","clardinerll","IQVwkk1tE"
"eblaskettlm@live.com","Estel Blaskett","eblaskettlm","z5b6LGxX5z"
"sbleythinln@cbslocal.com","Stillman Bleythin","sbleythinln","6NKwFkgk"
"sstrainlo@uiuc.edu","Storm Strain","sstrainlo","2m6ZJt51tI80"
"kfairholmelp@samsung.com","Kerry Fairholme","kfairholmelp","rv20kKXTH"
"lmacnellylq@histats.com","Lucais MacNelly","lmacnellylq","J5a9lNKkr"
"truhbenlr@cyberchimps.com","Tessie Ruhben","truhbenlr","iZILk8"
"vskyrmls@lulu.com","Vale Skyrm","vskyrmls","VujZXmEl"
"eshillitoelt@cmu.edu","Emlynne Shillitoe","eshillitoelt","xZ6CZXGEXUgY"
"gcoultaslu@mapy.cz","Greg Coultas","gcoultaslu","UNlweW"
"fmcmeekinlv@sourceforge.net","Frazier Mc Meekin","fmcmeekinlv","mFtzDcK38vgZ"
"msantuslw@icio.us","Marylinda Santus","msantuslw","sX5g7CpRH"
"mcutilllx@mysql.com","Merilyn Cutill","mcutilllx","MOcEZiRLo"
"jkinghornely@lulu.com","Juliette Kinghorne","jkinghornely","LycP6ZLZJe"
"mzoephellz@statcounter.com","Margot Zoephel","mzoephellz","2Hn64PR"
"sblenchm0@usa.gov","Sallyann Blench","sblenchm0","AOhsVMK"
"sjerchem1@discuz.net","Selestina Jerche","sjerchem1","YVirvppX"
"jfolominm2@pagesperso-orange.fr","Jourdan Folomin","jfolominm2","F2LKEw662"
"sjorinm3@wsj.com","Sibilla Jorin","sjorinm3","Oy9pZpB"
"ceplettm4@nasa.gov","Chad Eplett","ceplettm4","dK5YtF4Cn1"
"ahutchinsm5@redcross.org","Arvin Hutchins","ahutchinsm5","k67Dn2xSzog"
"rhazelhurstm6@unicef.org","Regan Hazelhurst","rhazelhurstm6","mVVUhWnDBW"
"icarnegym7@omniture.com","Iosep Carnegy","icarnegym7","1iEosBghjW"
"ceustacem8@weibo.com","Celestina Eustace","ceustacem8","jatWfJoLwg"
"nbadhamm9@umich.edu","Norah Badham","nbadhamm9","Wye8qRdmK"
"rwhitebreadma@sohu.com","Renate Whitebread","rwhitebreadma","Fd3w9fyx"
"msackesmb@imageshack.us","Marcellina Sackes","msackesmb","EftANhLZ5"
"mmcbethmc@godaddy.com","Maje McBeth","mmcbethmc","vLkJAU"
"tmcneamd@domainmarket.com","Tiertza McNea","tmcneamd","30C67r"
"bjoskowiczme@booking.com","Brockie Joskowicz","bjoskowiczme","zUEPJy6esNcD"
"amewtonmf@google.de","Angeli Mewton","amewtonmf","vBMghJDp"
"rhollibonemg@stanford.edu","Rem Hollibone","rhollibonemg","7exNBk"
"earnaudimh@topsy.com","Ebba Arnaudi","earnaudimh","bAh8Ld4ZPrbd"
"lsheepymi@163.com","La verne Sheepy","lsheepymi","DaheKG9"
"eeustesmj@about.com","Elyssa Eustes","eeustesmj","ijnIw4HU"
"rondrusmk@google.cn","Reinaldo Ondrus","rondrusmk","RxMQ5J9HFYk"
"faugustusml@ocn.ne.jp","Freeman Augustus","faugustusml","j7ltSyaySfr"
"afostenmm@loc.gov","Alfreda Fosten","afostenmm","diXS2x"
"fkamallmn@sina.com.cn","Frans Kamall","fkamallmn","mVqzQvD"
"tsuggittmo@cargocollective.com","Tadeo Suggitt","tsuggittmo","SEcFpsND"
"wharringtonmp@xing.com","Wylma Harrington","wharringtonmp","wBmf6BhTc"
"wnassymq@cbslocal.com","Worthington Nassy","wnassymq","9JNVQuKZys"
"spillifantmr@about.com","Seana Pillifant","spillifantmr","NJbBKv"
"sbrooktonms@facebook.com","Starlene Brookton","sbrooktonms","PdgvTZ2wZQC"
"cadlingtonmt@4shared.com","Cassie Adlington","cadlingtonmt","gi5r39C"
"nfranzettimu@usnews.com","Nikolaus Franzetti","nfranzettimu","lEZyRaFkZ0"
"mcouchemv@lulu.com","Mada Couche","mcouchemv","6yqadNMLACV6"
"jwippermannmw@oakley.com","Jourdain Wippermann","jwippermannmw","no9S0MQMjpfi"
"btroymx@tinyurl.com","Brendis Troy","btroymx","gzerpJT7MNO"
"cdillestonemy@home.pl","Clarinda Dillestone","cdillestonemy","wE4Hgx"
"vmurpheymz@cafepress.com","Vinny Murphey","vmurpheymz","QffsHytvqDiL"
"pleftleyn0@example.com","Paolo Leftley","pleftleyn0","fVLASaN"
"nallnuttn1@deliciousdays.com","Nady Allnutt","nallnuttn1","trjHPftMC"
"sstrowgern2@abc.net.au","Sarene Strowger","sstrowgern2","vmnmtCe3S"
"spachecon3@kickstarter.com","Sapphire Pacheco","spachecon3","SNbVtSte1fo"
"mrosebladen4@bigcartel.com","Martelle Roseblade","mrosebladen4","rnCbpz3Gs"
"goolahann5@pagesperso-orange.fr","Georgie Oolahan","goolahann5","ypFEO3K8bXb"
"deliesn6@wordpress.com","Dougy Elies","deliesn6","LNVHWZi"
"dcakesn7@google.pl","Dudley Cakes","dcakesn7","hJnlo4"
"zgowann8@msn.com","Zackariah Gowan","zgowann8","auvpkDGpiJ8E"
"tfreynen9@slideshare.net","Tuck Freyne","tfreynen9","Kqkd74z"
"dmcfaellna@clickbank.net","Dyanna McFaell","dmcfaellna","Z6cBMN"
"cbeavannb@dailymail.co.uk","Carri Beavan","cbeavannb","I4ymaYn"
"rcourtiernc@histats.com","Rozella Courtier","rcourtiernc","fJ9w4WU6J8X"
"emanueaund@indiatimes.com","Evelyn Manueau","emanueaund","OE2I6uggEDae"
"asheehyne@discovery.com","Abbye Sheehy","asheehyne","zKSnZ9v"
"ditzcaknf@theglobeandmail.com","Delilah Itzcak","ditzcaknf","ajOvWZZpdwD"
"mcrannyng@loc.gov","Marcelo Cranny","mcrannyng","koleOTnhVRb1"
"dtrebblenh@unc.edu","Daisey Trebble","dtrebblenh","zLNVeGv"
"sgengeni@ihg.com","Sherri Genge","sgengeni","xqPVIIQ"
"aundynj@buzzfeed.com","Austin Undy","aundynj","NNmpGB"
"rkippingnk@infoseek.co.jp","Red Kipping","rkippingnk","N7M1Qteo"
"fcoulesnl@wikispaces.com","Fransisco Coules","fcoulesnl","RLYINZ76i4"
"ypesicnm@hud.gov","Yoshiko Pesic","ypesicnm","MobwJVHokv"
"nzornnn@mac.com","Neill Zorn","nzornnn","2rpn9X2RcqNN"
"zdyzartno@irs.gov","Zacharias Dyzart","zdyzartno","tEjMnhISo0"
"mhowardgaternp@unicef.org","Meryl Howard - Gater","mhowardgaternp","HAEkLKs"
"nlattienq@narod.ru","Nan Lattie","nlattienq","rtU9Vxe"
"mwellardnr@eventbrite.com","Maible Wellard","mwellardnr","ZBY0qoi"
"gtiddns@microsoft.com","Gran Tidd","gtiddns","zYZ9yb"
"otwedent@eventbrite.com","Olly Twede","otwedent","SgexI7k"
"zmckevinnu@pen.io","Zena McKevin","zmckevinnu","s5fyG1Y2"
"sbloomfieldnv@wsj.com","Skipp Bloomfield","sbloomfieldnv","uND16Ie7"
"arentenbecknw@dot.gov","Augusto Rentenbeck","arentenbecknw","CQYOCOHS83K"
"aolivonx@fotki.com","Avrit Olivo","aolivonx","Z3QW96d70L3"
"aspringfordny@fema.gov","Alexis Springford","aspringfordny","9aNw7HwAn1"
"vumfreynz@arizona.edu","Vivianna Umfrey","vumfreynz","6nwWy7o"
"cdomingueso0@printfriendly.com","Cristin Domingues","cdomingueso0","p1U5UH5L"
"jmcphilemyo1@state.tx.us","Jase McPhilemy","jmcphilemyo1","Y8cWzV"
"jenniono2@booking.com","Jamil Ennion","jenniono2","Smr9hh9q"
"srummingo3@discovery.com","Sigismond Rumming","srummingo3","iqRxFJu"
"poatleyo4@joomla.org","Paquito Oatley","poatleyo4","wz7HDys"
"fhamblingo5@nasa.gov","Feodor Hambling","fhamblingo5","JM5NDdSBIuk1"
"ymoretono6@tumblr.com","Yorgo Moreton","ymoretono6","kAby9z7Ni"
"krummingo7@weebly.com","Kettie Rumming","krummingo7","1RdF9T9oOIFB"
"nmcdillo8@ebay.co.uk","Neel McDill","nmcdillo8","rzbBlkP"
"btimmso9@oakley.com","Berget Timms","btimmso9","QtE18Ovyx"
"gstubbinsoa@youku.com","Gamaliel Stubbins","gstubbinsoa","YWACgp"
"alameyob@addtoany.com","Ardelis Lamey","alameyob","cdqfRkClgsP"
"qimisonoc@nba.com","Quintus Imison","qimisonoc","igqKihkA"
"mdavidoviczod@tamu.edu","Meghan Davidovicz","mdavidoviczod","KwzSxp"
"bshevlaneoe@artisteer.com","Brant Shevlane","bshevlaneoe","buwcrWMgr4"
"tmcgaugheyof@google.es","Titus Mc Gaughey","tmcgaugheyof","9eQCgv"
"gbeazleyog@imageshack.us","Gianna Beazley","gbeazleyog","k1kHBzzk"
"ringreoh@census.gov","Rivalee Ingre","ringreoh","YwBb7gAgJn"
"cayreeoi@google.com.au","Cordie Ayree","cayreeoi","X6o8H9oe6B"
"dibesonoj@51.la","Devinne Ibeson","dibesonoj","2UYq8kh6n2"
"fbrodestok@symantec.com","Frederico Brodest","fbrodestok","iosuY2"
"ciacobiniol@cyberchimps.com","Cecilia Iacobini","ciacobiniol","eIvCmFAwgZHS"
"himmsom@usatoday.com","Herrick Imms","himmsom","jKRl9UemEf3"
"eshorbrookon@php.net","Eada Shorbrook","eshorbrookon","H6IUnS"
"btraharoo@google.ca","Bevon Trahar","btraharoo","0YCCw7qrcU"
"tvernazzaop@posterous.com","Tedman Vernazza","tvernazzaop","WlGFBrosN"
"cgilyottoq@hatena.ne.jp","Cyrille Gilyott","cgilyottoq","XFcwm4I0jpu"
"bfareweatheror@about.me","Brett Fareweather","bfareweatheror","QYAsW37UIEZ"
"lboleos@desdev.cn","Leon Bole","lboleos","hevSECen"
"nthynnot@xing.com","Nomi Thynn","nthynnot","Koj2A9cI"
"bbirdsou@usda.gov","Boris Birds","bbirdsou","AINvfhX6YP"
"lambridgeov@tuttocitta.it","Lena Ambridge","lambridgeov","oluQ7iMrzDoP"
"dguilderow@qq.com","Danica Guilder","dguilderow","dfIvgq9A"
"skinnettox@addthis.com","Shirleen Kinnett","skinnettox","c7xkrt01v"
"jmaciasoy@hexun.com","Jarid Macias","jmaciasoy","i286yu"
"jkraleoz@salon.com","Jolee Krale","jkraleoz","nnvXRDRD"
"somullallyp0@symantec.com","Shana O'Mullally","somullallyp0","g95YonzzZF"
"mtregeap1@nasa.gov","Maurizia Tregea","mtregeap1","7vkUph"
"jhowiep2@ow.ly","Janenna Howie","jhowiep2","7qCFrmKut"
"cdrackfordp3@w3.org","Carrissa Drackford","cdrackfordp3","heBlfcF7Sls"
"tschubartp4@walmart.com","Terry Schubart","tschubartp4","bs5pnBTm"
"bcoulthartp5@java.com","Beryle Coulthart","bcoulthartp5","UVfDDMvT"
"ascarcep6@about.me","Alana Scarce","ascarcep6","ZyXZvoe6jj"
"kclancyp7@miibeian.gov.cn","Kingsley Clancy","kclancyp7","azhh0I48pb"
"mdunhillp8@upenn.edu","Marcello Dunhill","mdunhillp8","TDtCHh"
"ialesp9@ifeng.com","Isidore Ales0","ialesp9","ObyzOg0AAUR"
"mrosbothampa@technorati.com","Mario Rosbotham","mrosbothampa","60vkklfWK"
"fbuzzingpb@earthlink.net","Farley Buzzing","fbuzzingpb","wEEki5Z7PE2"
"svaulspc@flavors.me","Seka Vauls","svaulspc","QSMzcWhYC"
"bbroekpd@china.com.cn","Bee Broek","bbroekpd","b06gLtb432GG"
"mtommispe@phpbb.com","Megen Tommis","mtommispe","wbB0H5Q"
"tkeightleypf@sciencedirect.com","Tibold Keightley","tkeightleypf","1txWMYeFy04o"
"jcoitepg@samsung.com","Judon Coite","jcoitepg","PaBZU0K2"
"sfayerbrotherph@deviantart.com","Silvio Fayerbrother","sfayerbrotherph","O77elOE"
"ddumberrillpi@google.co.uk","Derrek Dumberrill","ddumberrillpi","3QmvVNmMdA"
"lborlandpj@ebay.com","Larisa Borland","lborlandpj","nO7TKYilCGuh"
"ssteelypk@wordpress.org","Shalom Steely","ssteelypk","JAja64ln"
"abeaganpl@fc2.com","Astra Beagan","abeaganpl","SGm1j7e7"
"jyettspm@booking.com","Jermain Yetts","jyettspm","1u0TYBoTk3J"
"cmilmopn@sogou.com","Calida Milmo","cmilmopn","PQ44nm6xQZ1"
"aweatherellpo@is.gd","Ailey Weatherell","aweatherellpo","ycGKhIhidMe"
"cswaingerpp@ftc.gov","Clyde Swainger","cswaingerpp","fQGwqrsDILUQ"
"idresselpq@china.com.cn","Itch Dressel","idresselpq","Xi0w3rdoTvz"
"ccryerpr@cocolog-nifty.com","Charisse Cryer","ccryerpr","grONaJ"
"dcaccavarips@moonfruit.com","Dame Caccavari","dcaccavarips","sEmmRt6U"
"fsnowsillpt@digg.com","Ferne Snowsill","fsnowsillpt","fGZX9XOFqm"
"hhamnetpu@hugedomains.com","Hersh Hamnet","hhamnetpu","0cA17OIfdk6"
"pvanderweedenburgpv@hao123.com","Paloma Van Der Weedenburg","pvanderweedenburgpv","YEcxQYSL17I"
"edoggettpw@chron.com","Ella Doggett","edoggettpw","anonSoX"
"asoppittpx@columbia.edu","Allyn Soppitt","asoppittpx","F44Ovd"
"fchalkepy@vistaprint.com","Flin Chalke","fchalkepy","HiNq43okjx"
"jbaldazzipz@ox.ac.uk","Jeanette Baldazzi","jbaldazzipz","DX6xA8i"
"iskeggq0@wikia.com","Idaline Skegg","iskeggq0","FgWJ1Srm4X"
"ebeazleyq1@businessweek.com","Edy Beazley","ebeazleyq1","jkii1Dl"
"ibarreauq2@wikispaces.com","Isis Barreau","ibarreauq2","fOHiQP"
"lhenriquetq3@posterous.com","Lawton Henriquet","lhenriquetq3","6x8jlFYgsw"
"jbovairdq4@foxnews.com","Jinny Bovaird","jbovairdq4","NMaWVObPG"
"cmaccaigq5@ocn.ne.jp","Cookie Maccaig","cmaccaigq5","bfHvgE"
"ccoombesq6@cbsnews.com","Corette Coombes","ccoombesq6","iQ43PaL"
"pgymblettq7@ftc.gov","Pia Gymblett","pgymblettq7","zd4yYNAK"
"odunsireq8@google.com.hk","Oliver Dunsire","odunsireq8","TBFOk2M4"
"nverseyq9@cloudflare.com","Nikki Versey","nverseyq9","eJmW8s77X"
"aquernelqa@fastcompany.com","Ashil Quernel","aquernelqa","Unoje2"
"rclementeqb@netlog.com","Ruth Clemente","rclementeqb","00P9iJhMqac2"
"wmcenteeqc@uol.com.br","Wally McEntee","wmcenteeqc","XDs42j"
"cjollissqd@ehow.com","Carmel Jolliss","cjollissqd","0exHkYE"
"dfalshawqe@vistaprint.com","Dario Falshaw","dfalshawqe","rLUBBxURwL6"
"ccopoqf@jimdo.com","Caril Copo","ccopoqf","X2Bm44wT1"
"sgerckensqg@devhub.com","Suzi Gerckens","sgerckensqg","DwOrnGDqMYh"
"slansdowneqh@lulu.com","Shayne Lansdowne","slansdowneqh","QbI3BXCOaw"
"lbrigdaleqi@google.it","Lyndy Brigdale","lbrigdaleqi","5w00GG"
"ywinwrightqj@jiathis.com","Yolanda Winwright","ywinwrightqj","bE3pQa9H"
"mslessorqk@census.gov","Marshal Slessor","mslessorqk","j6IaQKbelQ"
"cbenkoql@dedecms.com","Ced Benko","cbenkoql","ltsEelgeCoP"
"divakhinqm@tinyurl.com","Dion Ivakhin","divakhinqm","FETCIG"
"ipolycoteqn@noaa.gov","Ingar Polycote","ipolycoteqn","MrIaBJ3nf3zZ"
"sstormsqo@goodreads.com","Stoddard Storms","sstormsqo","469C6vkmlcSn"
"htenbrugqp@ed.gov","Hanny Tenbrug","htenbrugqp","F5w6D8sjsygX"
"iknattqq@slashdot.org","Idalia Knatt","iknattqq","jlbNvjxJo3"
"jgoodingqr@opensource.org","Joann Gooding","jgoodingqr","Mfvpcem"
"zattonqs@ibm.com","Zia Atton","zattonqs","55URjXC1"
"ddigginsqt@1und1.de","Duffy Diggins","ddigginsqt","bbLNzM"
"mklulicekqu@ovh.net","Michaeline Klulicek","mklulicekqu","maeIZTLfp4Db"
"cgayterqv@narod.ru","Clayborne Gayter","cgayterqv","WEiJXYSOKz"
"jhadekeqw@umich.edu","Joshia Hadeke","jhadekeqw","htxGRZUX"
"ldinesqx@oracle.com","Lin Dines","ldinesqx","19JalClq"
"smckiddinqy@msu.edu","Stinky McKiddin","smckiddinqy","1mrfzwipi69"
"lturneauxqz@yahoo.com","Leticia Turneaux","lturneauxqz","tJlPVpoXEX"
"cisenorr0@wikimedia.org","Cyril Isenor","cisenorr0","59DLS4ijJ54z"
"chowenr1@instagram.com","Cammie Howen","chowenr1","6pKLfMAH6"
"othundersr2@edublogs.org","Oliver Thunders","othundersr2","qCWTYSRXk3F"
"glongcasterr3@wunderground.com","Gussy Longcaster","glongcasterr3","zWMpVIr7"
"opoolr4@guardian.co.uk","Olenolin Pool","opoolr4","5kXupALKa2"
"sdwelleyr5@friendfeed.com","Silvanus Dwelley","sdwelleyr5","U9Q4WA0A"
"cjikyllsr6@auda.org.au","Corey Jikylls","cjikyllsr6","XVLXJ4k"
"cmacinnesr7@goo.ne.jp","Cathie MacInnes","cmacinnesr7","KfoNIXyz"
"rhanburryr8@geocities.jp","Rockie Hanburry","rhanburryr8","29fcLn"
"vlinnerr9@myspace.com","Victor Linner","vlinnerr9","tergVA71KG53"
"eskinnerra@newyorker.com","Ezequiel Skinner","eskinnerra","8PFnvEV"
"tminithorperb@cornell.edu","Tabitha Minithorpe","tminithorperb","LfOWSJBWb"
"cbutlerbowdonrc@123-reg.co.uk","Clayson Butler-Bowdon","cbutlerbowdonrc","2CIzHepiOx7"
"cmoverleyrd@hatena.ne.jp","Conny Moverley","cmoverleyrd","9Y8zbTMcE"
"ehackingre@google.it","Elizabet Hacking","ehackingre","ILivk4"
"gdowsettrf@mediafire.com","Geri Dowsett","gdowsettrf","Q1VsrjH"
"ihourahanrg@soundcloud.com","Izabel Hourahan","ihourahanrg","SdFQkaic5u"
"nlonglandrh@shutterfly.com","Noelani Longland","nlonglandrh","MVHTqfgZv"
"tatteridgeri@sohu.com","Tommie Atteridge","tatteridgeri","xrtbgRh9rALp"
"gdarvillerj@yelp.com","Gerrie Darville","gdarvillerj","a7B8z7ckh"
"amehewrk@techcrunch.com","Abbye Mehew","amehewrk","Yovng9LKB"
"hmougetrl@stanford.edu","Hortense Mouget","hmougetrl","gy7JArCQe"
"ecestardrm@engadget.com","Eugenio Cestard","ecestardrm","w6lW2Qddgo"
"odarthern@ftc.gov","Onofredo Darthe","odarthern","33jG2SoneDh7"
"srodolicoro@dion.ne.jp","Silvana Rodolico","srodolicoro","RFa3ceFzdr"
"cjoerningrp@google.co.jp","Colas Joerning","cjoerningrp","T3ShhPq"
"gletessierrq@timesonline.co.uk","Grata Letessier","gletessierrq","Dy97rMC3xbWM"
"bmacgiollapheadairrr@nih.gov","Bren Mac Giolla Pheadair","bmacgiollapheadairrr","sSG3LW"